{
    "fid": 0.6816771997659771,
    "div": 11.115964889526367,
    "top1": 0.38970170454545455,
    "top2": 0.6058238636363635,
    "top3": 0.7352272727272726,
    "matching": 3.014032075621865,
    "msg_final": "FID. 0.682, conf. 0.013, Diversity. 11.116, conf. 0.086, TOP1. 0.390, conf. 0.005, TOP2. 0.606, conf. 0.005, TOP3. 0.735, conf. 0.005, Matching. 3.014, conf. 0.011"
}