{
    "fid": 0.6077900436207514,
    "div": 10.958993911743164,
    "top1": 0.39453125,
    "top2": 0.6076704545454545,
    "top3": 0.735440340909091,
    "matching": 3.0114703346382483,
    "msg_final": "FID. 0.608, conf. 0.011, Diversity. 10.959, conf. 0.112, TOP1. 0.395, conf. 0.005, TOP2. 0.608, conf. 0.006, TOP3. 0.735, conf. 0.005, Matching. 3.011, conf. 0.014"
}