{
    "fid": 0.5918128327278126,
    "div": 10.979869842529297,
    "top1": 0.3827414772727272,
    "top2": 0.5876420454545455,
    "top3": 0.7178267045454545,
    "matching": 3.108319190415469,
    "msg_final": "FID. 0.592, conf. 0.013, Diversity. 10.980, conf. 0.110, TOP1. 0.383, conf. 0.006, TOP2. 0.588, conf. 0.006, TOP3. 0.718, conf. 0.004, Matching. 3.108, conf. 0.012"
}