{
    "fid": 0.7796527347209249,
    "div": 10.924295425415039,
    "top1": 0.3847301136363636,
    "top2": 0.5872869318181818,
    "top3": 0.7160511363636364,
    "matching": 3.1202650639143856,
    "msg_final": "FID. 0.780, conf. 0.019, Diversity. 10.924, conf. 0.118, TOP1. 0.385, conf. 0.007, TOP2. 0.587, conf. 0.006, TOP3. 0.716, conf. 0.006, Matching. 3.120, conf. 0.015"
}