{
    "fid": 0.08838041240963505,
    "div": 9.720619201660156,
    "top1": 0.500657327586207,
    "top2": 0.6936314655172414,
    "top3": 0.7882112068965517,
    "matching": 3.0553249917359184,
    "msg_final": "FID. 0.088, conf. 0.001, Diversity. 9.721, conf. 0.090, TOP1. 0.501, conf. 0.003, TOP2. 0.694, conf. 0.002, TOP3. 0.788, conf. 0.002, Matching. 3.055, conf. 0.009"
}