{
    "fid": 0.0890730475303009,
    "div": 9.775421142578125,
    "top1": 0.49509698275862074,
    "top2": 0.6878771551724138,
    "top3": 0.7827047413793105,
    "matching": 3.0916903809843395,
    "msg_final": "FID. 0.089, conf. 0.001, Diversity. 9.775, conf. 0.084, TOP1. 0.495, conf. 0.002, TOP2. 0.688, conf. 0.002, TOP3. 0.783, conf. 0.002, Matching. 3.092, conf. 0.009"
}