{
    "fid": 0.09058085387759718,
    "div": 9.524057388305664,
    "top1": 0.4816810344827586,
    "top2": 0.6782327586206897,
    "top3": 0.7786637931034482,
    "matching": 3.103102338725123,
    "msg_final": "FID. 0.091, conf. 0.000, Diversity. 9.524, conf. 0.000, TOP1. 0.482, conf. 0.000, TOP2. 0.678, conf. 0.000, TOP3. 0.779, conf. 0.000, Matching. 3.103, conf. 0.000"
}