{
    "fid": 0.14694323262847037,
    "div": 9.728433609008789,
    "top1": 0.49724137931034484,
    "top2": 0.688415948275862,
    "top3": 0.7821336206896552,
    "matching": 3.0813735048524267,
    "msg_final": "FID. 0.147, conf. 0.001, Diversity. 9.728, conf. 0.093, TOP1. 0.497, conf. 0.002, TOP2. 0.688, conf. 0.002, TOP3. 0.782, conf. 0.003, Matching. 3.081, conf. 0.009"
}