{
    "fid": 0.17344524127642913,
    "div": 9.71146011352539,
    "top1": 0.48945043103448277,
    "top2": 0.6781250000000001,
    "top3": 0.7723383620689656,
    "matching": 3.1237921822482138,
    "msg_final": "FID. 0.173, conf. 0.002, Diversity. 9.711, conf. 0.098, TOP1. 0.489, conf. 0.003, TOP2. 0.678, conf. 0.002, TOP3. 0.772, conf. 0.003, Matching. 3.124, conf. 0.009"
}